ANEXO I /ANNEX I;;;;;;
"ENFERMERA O ENFERMERO INSTITUCIONES SANITARIAS– PLAZAS VACANTES OFERTADAS
INFERMER O INFERMERA INSTITUCIONS SANITÀRIES – PLACES VACANTS OFERIDES";;;;;;
A.S.I.;Departamento;Cód C.T.;Centro de Trabajo;Municipio;Núm.;
CASTELLÓN;DEPARTAMENTO DE SALUD DE VINAROS;5;CENTRO SANITARIO INTEGRADO BENICARÓ;BENICARLO;2;
CASTELLÓN;DEPARTAMENTO DE SALUD DE VINAROS;7;CENTRO DE SALUD DE PEÑÍSCOLA;PENISCOLA/PEÑISCOLA;1;
CASTELLÓN;DEPARTAMENTO DE SALUD DE VINAROS;23;CONSULTORIO AUXILIAR DE CANET LO ROIG;CANET LO ROIG;1;
CASTELLÓN;DEPARTAMENTO DE SALUD DE VINAROS;29;CENTRO DE SALUD DE VINARÒS;VINAROS;7;
CASTELLÓN;DEPARTAMENTO DE SALUD DE CASTELLON;32;CONSULTORIO AUXILIAR DE VISTABELLA DEL MAESTRAT;VISTABELLA DEL MAESTRAT;1;
CASTELLÓN;DEPARTAMENTO DE SALUD DE CASTELLON;34;CONSULTORIO AUXILIAR DE BENASAL;BENASSAL;1;
CASTELLÓN;DEPARTAMENTO DE SALUD DE CASTELLON;37;CENTRO DE SALUD DE L'ALCORA;ALCORA (L');3;
CASTELLÓN;DEPARTAMENTO DE SALUD DE CASTELLON;38;CONSULTORIO AUXILIAR DE SANT JOAN DE MORO;SANT JOAN DE MORO;1;
CASTELLÓN;DEPARTAMENTO DE SALUD DE CASTELLON;39;CONSULTORIO AUXILIAR DE FIGUEROLES;FIGUEROLES;1;
CASTELLÓN;DEPARTAMENTO DE SALUD DE CASTELLON;40;CENTRO DE SALUD DE ALMAZORA;ALMASSORA;4;
CASTELLÓN;DEPARTAMENTO DE SALUD DE CASTELLON;41;CENTRO DE SALUD DE CASTELLÓ DE LA PLANA BARRANQUET;CASTELLO DE LA PLANA;2;
CASTELLÓN;DEPARTAMENTO DE SALUD DE CASTELLON;48;CONSULTORIO AUXILIAR DE SIERRA ENGARCERÁN;SIERRA ENGARCERAN;1;
CASTELLÓN;DEPARTAMENTO DE SALUD DE LA PLANA;51;CENTRO DE SALUD DE BURRIANA;BORRIANA/BURRIANA;6;
CASTELLÓN;DEPARTAMENTO DE SALUD DE LA PLANA;52;CONSULTORIO AUXILIAR DE ALQUERÍAS DEL NIÑO PERDIDO;ALQUERIES (LES)/  NIÑO PERDIDO;3;
CASTELLÓN;DEPARTAMENTO DE SALUD DE CASTELLON;54;CENTRO DE SALUD DE CASTELLÓ DE LA PLANA SAN AGUSTÍN;CASTELLO DE LA PLANA;4;
CASTELLÓN;DEPARTAMENTO DE SALUD DE CASTELLON;57;CENTRO DE SALUD DE CASTELLÓ DE LA PLANA PINTOR SOROLLA;CASTELLO DE LA PLANA;3;
CASTELLÓN;DEPARTAMENTO DE SALUD DE CASTELLON;60;CENTRO DE SALUD DE CASTELLÓ DE LA PLANA 9 D'OCTUBRE;CASTELLO DE LA PLANA;4;
CASTELLÓN;DEPARTAMENTO DE SALUD DE CASTELLON;61;CONSULTORIO DE CASTELLÓN PZ. CONSTITUCIÓN;CASTELLO DE LA PLANA;3;
CASTELLÓN;DEPARTAMENTO DE SALUD DE CASTELLON;62;CENTRO DE SALUD DE CASTELLÓ DE LA PLANA RAFALAFENA;CASTELLO DE LA PLANA;3;
CASTELLÓN;DEPARTAMENTO DE SALUD DE CASTELLON;64;CONSULTORIO DE CASTELLÓ DE LA PLANA EL GRAO;CASTELLO DE LA PLANA;2;
CASTELLÓN;DEPARTAMENTO DE SALUD DE CASTELLON;65;CENTRO DE SALUD DE LUCENA DEL CID;LLUCENA/LUCENA DEL CID;4;
CASTELLÓN;DEPARTAMENTO DE SALUD DE LA PLANA;71;CENTRO DE SALUD DE MONTANEJOS;MONTANEJOS;1;
CASTELLÓN;DEPARTAMENTO DE SALUD DE LA PLANA;74;CENTRO DE SALUD DE NULES;NULES;1;
CASTELLÓN;DEPARTAMENTO DE SALUD DE LA PLANA;75;CONSULTORIO AUXILIAR DE LA VILAVELLA;VILAVELLA (LA);1;
CASTELLÓN;DEPARTAMENTO DE SALUD DE LA PLANA;76;CONSULTORIO AUXILIAR DE MONCOFA;MONCOFA;1;
CASTELLÓN;DEPARTAMENTO DE SALUD DE LA PLANA;78;CENTRO DE SALUD DE ONDA I;ONDA;3;
CASTELLÓN;DEPARTAMENTO DE SALUD DE LA PLANA;82;CENTRO DE SALUD DE TALES;TALES;1;
CASTELLÓN;DEPARTAMENTO DE SALUD DE CASTELLON;87;CONSULTORIO AUXILIAR DE CABANES;CABANES;1;
1  de 11;;;;;;
A.S.I.;Departamento;Cód C.T.;Centro de Trabajo;Municipio;Núm.;
CASTELLÓN;DEPARTAMENTO DE SALUD DE CASTELLON;89;CONSULTORIO AUXILIAR DE USERAS;USERAS/USERES (LES);1;
CASTELLÓN;DEPARTAMENTO DE SALUD DE CASTELLON;90;CONSULTORIO AUXILIAR DE VILAFAMÉS;VILAFAMES;1;
CASTELLÓN;DEPARTAMENTO DE SALUD DE LA PLANA;93;CENTRO DE SALUD DE LA VALL D'UIXÓ 1;VALL D'UIXO (LA);6;
CASTELLÓN;DEPARTAMENTO DE SALUD DE LA PLANA;98;CENTRO DE SALUD DE VILA-REAL BOVILA;VILA-REAL;1;
CASTELLÓN;DEPARTAMENTO DE SALUD DE LA PLANA;99;CENTRO DE SALUD DE VILA-REAL CARINYENA;VILA-REAL;4;
CASTELLÓN;DEPARTAMENTO DE SALUD DE CASTELLON;104;CENTRO DE SALUD DE TORREBLANCA;TORREBLANCA;3;
VALÈNCIA-NORTE;DEPARTAMENTO DE SALUD DE SAGUNTO;106;CONSULTORIO AUXILIAR DE CHILCHES;CHILCHES/XILXES;1;
VALÈNCIA-NORTE;DEPARTAMENTO DE SALUD DE SAGUNTO;113;CONSULTORIO AUXILIAR DE GILET;GILET;2;
VALÈNCIA-NORTE;DEPARTAMENTO DE SALUD DE SAGUNTO;118;CENTRO DE SALUD DE PUÇOL;PUÇOL;6;
VALÈNCIA-NORTE;DEPARTAMENTO DE SALUD DE SAGUNTO;120;CENTRO DE SALUD DE PUERTO DE SAGUNTO;SAGUNTO/SAGUNT;3;
VALÈNCIA-NORTE;DEPARTAMENTO DE SALUD DE SAGUNTO;122;CENTRO DE SALUD DE SAGUNTO;SAGUNTO/SAGUNT;6;
VALÈNCIA-NORTE;DEPARTAMENTO DE SALUD DE SAGUNTO;125;CONSULTORIO AUXILIAR DE ALGIMIA DE ALMONACID;ALGIMIA DE ALMONACID;1;
VALÈNCIA-NORTE;DEPARTAMENTO DE SALUD DE SAGUNTO;130;CENTRO DE SALUD DE VIVER;VIVER;2;
VALÈNCIA-NORTE;DEPARTAMENTO DE SALUD DE SAGUNTO;139;CONSULTORIO AUXILIAR DE JÉRICA;JERICA;1;
VALÈNCIA-NORTE;DEPARTAMENTO DE SALUD DE VALENCIA-CLINICO-MALVARROSA;146;CONSULTORIO AUXILIAR DE BONREPÒS I MIRAMBELL;BONREPOS I MIRAMBELL;1;
VALÈNCIA-NORTE;DEPARTAMENTO DE SALUD DE VALENCIA-CLINICO-MALVARROSA;147;CONSULTORIO AUXILIAR DE ALBALAT DELS SORELLS;ALBALAT DELS SORELLS;1;
VALÈNCIA-NORTE;DEPARTAMENTO DE SALUD DE VALENCIA-CLINICO-MALVARROSA;149;CONSULTORIO AUXILIAR DE VINALESA;VINALESA;1;
VALÈNCIA-NORTE;DEPARTAMENTO DE SALUD DE VALENCIA-CLINICO-MALVARROSA;150;CENTRO DE SALUD DE MASSAMAGRELL;MASSAMAGRELL;6;
VALÈNCIA-NORTE;DEPARTAMENTO DE SALUD DE VALENCIA-CLINICO-MALVARROSA;153;CONSULTORIO AUXILIAR DE LA POBLA DE FARNALS;POBLA DE FARNALS (LA);2;
VALÈNCIA-NORTE;DEPARTAMENTO DE SALUD DE VALENCIA-CLINICO-MALVARROSA;155;CENTRO DE SALUD DE MELIANA;MELIANA;2;
VALÈNCIA-NORTE;DEPARTAMENTO DE SALUD DE VALENCIA-CLINICO-MALVARROSA;156;CENTRO DE SALUD DE MUSEROS;MUSEROS;1;
VALÈNCIA-NORTE;DEPARTAMENTO DE SALUD DE VALENCIA-CLINICO-MALVARROSA;160;CENTRO DE SALUD DE RAFELBUNYOL;RAFELBUNYOL;1;
VALÈNCIA-NORTE;DEPARTAMENTO DE SALUD DE VALENCIA-CLINICO-MALVARROSA;161;CENTRO DE SALUD DE TAVERNES BLANQUES;TAVERNES BLANQUES;4;
VALÈNCIA-NORTE;DEPARTAMENTO DE SALUD DE VALENCIA-CLINICO-MALVARROSA;163;CENTRO DE SALUD DE VALÈNCIA BENIMACLET;VALENCIA;3;
VALÈNCIA-NORTE;DEPARTAMENTO DE SALUD DE VALENCIA-CLINICO-MALVARROSA;164;CENTRO DE SALUD DE VALÈNCIA SALVADOR PAU;VALENCIA;5;
VALÈNCIA-NORTE;DEPARTAMENTO DE SALUD DE VALENCIA-CLINICO-MALVARROSA;165;CONSULTORIO DE VALÈNCIA CHILE;VALENCIA;3;
VALÈNCIA-NORTE;DEPARTAMENTO DE SALUD DE VALENCIA-CLINICO-MALVARROSA;168;CENTRO DE SALUD DE VALÈNCIA REPÚBLICA ARGENTINA;VALENCIA;8;
VALÈNCIA-NORTE;DEPARTAMENTO DE SALUD DE VALENCIA-CLINICO-MALVARROSA;169;CENTRO DE SALUD DE VALÈNCIA TRAFALGAR;VALENCIA;4;
VALÈNCIA-NORTE;DEPARTAMENTO DE SALUD DE VALENCIA-CLINICO-MALVARROSA;170;CENTRO DE SALUD DE VALÈNCIA MALVARROSA;VALENCIA;4;
VALÈNCIA-NORTE;DEPARTAMENTO DE SALUD DE VALENCIA-CLINICO-MALVARROSA;171;CONSULTORIO DE VALÈNCIA VICENTE BRULL;VALENCIA;3;
VALÈNCIA-NORTE;DEPARTAMENTO DE SALUD DE VALENCIA-CLINICO-MALVARROSA;173;CENTRO DE SALUD DE VALÈNCIA NAZARET;VALENCIA;2;
VALÈNCIA-SUR;DEPARTAMENTO DE SALUD DE VALENCIA-ARNAU DE VILANOVA-LLIRIA;174;CENTRO DE SALUD DE ADEMUZ;ADEMUZ;1;
2  de 11;;;;;;
A.S.I.;Departamento;Cód C.T.;Centro de Trabajo;Municipio;Núm.;
VALÈNCIA-SUR;DEPARTAMENTO DE SALUD DE VALENCIA-ARNAU DE VILANOVA-LLIRIA;180;CENTRO DE SALUD DE VALÈNCIA BENIMÀMET;VALENCIA;4;
VALÈNCIA-SUR;DEPARTAMENTO DE SALUD DE VALENCIA-ARNAU DE VILANOVA-LLIRIA;181;CENTRO DE SALUD DE BÉTERA;BETERA;1;
VALÈNCIA-SUR;DEPARTAMENTO DE SALUD DE VALENCIA-ARNAU DE VILANOVA-LLIRIA;182;CONSULTORIO AUXILIAR DE NÁQUERA;NAQUERA;1;
VALÈNCIA-SUR;DEPARTAMENTO DE SALUD DE VALENCIA-ARNAU DE VILANOVA-LLIRIA;184;CENTRO DE SALUD DE BURJASSOT 2;BURJASSOT;9;
VALÈNCIA-SUR;DEPARTAMENTO DE SALUD DE VALENCIA-ARNAU DE VILANOVA-LLIRIA;185;CENTRO DE SALUD DE BURJASSOT 1;BURJASSOT;5;
VALÈNCIA-SUR;DEPARTAMENTO DE SALUD DE VALENCIA-ARNAU DE VILANOVA-LLIRIA;189;CONSULTORIO AUXILIAR DE TUÉJAR;TUEJAR;1;
VALÈNCIA-SUR;DEPARTAMENTO DE SALUD DE VALENCIA-ARNAU DE VILANOVA-LLIRIA;192;CENTRO DE SALUD DE GODELLA;GODELLA;1;
VALÈNCIA-SUR;DEPARTAMENTO DE SALUD DE VALENCIA-ARNAU DE VILANOVA-LLIRIA;194;CENTRO SANITARIO INTEGRADO DE LLÍRIA;LLIRIA;10;
CASTELLÓN;DEPARTAMENTO DE SALUD DE CASTELLON;202;CENTRO DE SALUD DE CASTELLÓ DE LA PLANA GRAN VÍA;CASTELLO DE LA PLANA;2;
VALÈNCIA-SUR;DEPARTAMENTO DE SALUD DE VALENCIA-ARNAU DE VILANOVA-LLIRIA;205;CENTRO SANITARIO INTEGRADO DE MONCADA;MONCADA;4;
VALÈNCIA-SUR;DEPARTAMENTO DE SALUD DE VALENCIA-ARNAU DE VILANOVA-LLIRIA;206;CENTRO DE SALUD DE PATERNA;PATERNA;12;
VALÈNCIA-SUR;DEPARTAMENTO DE SALUD DE VALENCIA-ARNAU DE VILANOVA-LLIRIA;208;CONSULTORIO AUXILIAR DE PATERNA LA COMA;PATERNA;4;
VALÈNCIA-SUR;DEPARTAMENTO DE SALUD DE VALENCIA-ARNAU DE VILANOVA-LLIRIA;209;CENTRO DE SALUD DE LA POBLA DE VALLBONA;POBLA DE VALLBONA (LA);3;
VALÈNCIA-OESTE;DEPARTAMENTO DE SALUD DE MANISES;211;CENTRO DE SALUD DE RIBA-ROJA DE TÚRIA;RIBA-ROJA DE TURIA;1;
VALÈNCIA-SUR;DEPARTAMENTO DE SALUD DE VALENCIA-ARNAU DE VILANOVA-LLIRIA;212;CENTRO DE SALUD DE TITAGUAS;TITAGUAS;1;
VALÈNCIA-SUR;DEPARTAMENTO DE SALUD DE VALENCIA-ARNAU DE VILANOVA-LLIRIA;216;CENTRO DE SALUD DE VILAMARXANT;VILAMARXANT;2;
VALÈNCIA-SUR;DEPARTAMENTO DE SALUD DE VALENCIA-ARNAU DE VILANOVA-LLIRIA;223;CENTRO DE SALUD DE PEDRALBA;PEDRALBA;1;
VALÈNCIA-OESTE;DEPARTAMENTO DE SALUD DE MANISES;226;CENTRO DE SALUD DE BUÑOL;BUÑOL;2;
VALÈNCIA-OESTE;DEPARTAMENTO DE SALUD DE MANISES;230;CENTRO DE SALUD DE CHESTE;CHESTE;2;
VALÈNCIA-OESTE;DEPARTAMENTO DE SALUD DE MANISES;231;CENTRO DE SALUD DE CHIVA;CHIVA;2;
VALÈNCIA-OESTE;DEPARTAMENTO DE SALUD DE MANISES;232;CENTRO DE SALUD DE MANISES;MANISES;3;
VALÈNCIA-OESTE;DEPARTAMENTO DE SALUD DE MANISES;233;CENTRO DE SALUD DE MISLATA;MISLATA;5;
VALÈNCIA-OESTE;DEPARTAMENTO DE SALUD DE MANISES;234;CENTRO DE SALUD DE QUART DE POBLET;QUART DE POBLET;2;
VALÈNCIA-OESTE;DEPARTAMENTO DE SALUD DE MANISES;236;CENTRO DE SALUD DE TURÍS;TURIS;1;
VALÈNCIA-SUR;DEPARTAMENTO DE SALUD DE VALENCIA-LA FE;238;CENTRO DE SALUD DE VALÈNCIA JUST RAMÍREZ;VALENCIA;3;
VALÈNCIA-SUR;DEPARTAMENTO DE SALUD DE VALENCIA-LA FE;239;CENTRO DE SALUD DE VALÈNCIA TRINITAT;VALENCIA;3;
VALÈNCIA-SUR;DEPARTAMENTO DE SALUD DE VALENCIA-LA FE;240;CONSULTORIO DE VALÈNCIA BILBAO;VALENCIA;1;
VALÈNCIA-SUR;DEPARTAMENTO DE SALUD DE VALENCIA-LA FE;241;CENTRO DE SALUD VALÈNCIA BENICALAP AZUCENA;VALENCIA;2;
VALÈNCIA-SUR;DEPARTAMENTO DE SALUD DE VALENCIA-LA FE;242;CENTRO DE SALUD DE VALÈNCIA SALVADOR ALLENDE;VALENCIA;8;
VALÈNCIA-SUR;DEPARTAMENTO DE SALUD DE VALENCIA-LA FE;243;CONSULTORIO AUXILIAR DE VALÈNCIA ARQUITECTO TOLSÁ;VALENCIA;1;
VALÈNCIA-SUR;DEPARTAMENTO DE SALUD DE VALENCIA-LA FE;246;CONSULTORIO AUXILIAR DE VALÈNCIA CARPESA;VALENCIA;1;
VALÈNCIA-OESTE;DEPARTAMENTO DE SALUD DE REQUENA;247;CENTRO DE SALUD DE AYORA;AYORA;1;
3  de 11;;;;;;
A.S.I.;Departamento;Cód C.T.;Centro de Trabajo;Municipio;Núm.;
VALÈNCIA-OESTE;DEPARTAMENTO DE SALUD DE REQUENA;253;CONSULTORIO AUXILIAR DE VENTA DEL MORO;VENTA DEL MORO;2;
VALÈNCIA-OESTE;DEPARTAMENTO DE SALUD DE REQUENA;258;CONSULTORIO AUXILIAR DE JARAFUEL;JARAFUEL;1;
VALÈNCIA-OESTE;DEPARTAMENTO DE SALUD DE REQUENA;263;CENTRO DE SALUD DE REQUENA;REQUENA;2;
VALÈNCIA-OESTE;DEPARTAMENTO DE SALUD DE REQUENA;267;CENTRO DE SALUD DE UTIEL;UTIEL;5;
VALÈNCIA-OESTE;DEPARTAMENTO DE SALUD DE VALENCIA-HOSPITAL GENERAL;271;CENTRO DE SALUD DE ALAQUÀS;ALAQUAS;4;
VALÈNCIA-OESTE;DEPARTAMENTO DE SALUD DE MANISES;272;CENTRO DE SALUD DE ALDAIA;ALDAIA;1;
VALÈNCIA-OESTE;DEPARTAMENTO DE SALUD DE VALENCIA-HOSPITAL GENERAL;276;CONSULTORIO AUXILIAR DE MONTROY;MONTROI/MONTROY;1;
VALÈNCIA-OESTE;DEPARTAMENTO DE SALUD DE VALENCIA-HOSPITAL GENERAL;277;CENTRO DE SALUD DE MONTSERRAT;MONTSERRAT;3;
VALÈNCIA-OESTE;DEPARTAMENTO DE SALUD DE VALENCIA-HOSPITAL GENERAL;279;CENTRO SANITARIO INTEGRADO DE PAIPORTA;PAIPORTA;4;
VALÈNCIA-OESTE;DEPARTAMENTO DE SALUD DE VALENCIA-HOSPITAL GENERAL;281;CENTRO DE SALUD DE PICASSENT;PICASSENT;7;
VALÈNCIA-OESTE;DEPARTAMENTO DE SALUD DE VALENCIA-HOSPITAL GENERAL;282;CENTRO DE SALUD DE TORRENT;TORRENT;15;
VALÈNCIA-OESTE;DEPARTAMENTO DE SALUD DE VALENCIA-HOSPITAL GENERAL;285;CENTRO DE SALUD DE XIRIVELLA;XIRIVELLA;3;
VALÈNCIA-OESTE;DEPARTAMENTO DE SALUD DE VALENCIA-HOSPITAL GENERAL;286;CENTRO DE SALUD DE VALÈNCIA NAPOLES Y SICILIA;VALENCIA;4;
VALÈNCIA-OESTE;DEPARTAMENTO DE SALUD DE VALENCIA-HOSPITAL GENERAL;288;CENTRO DE SALUD VALÈNCIA GIL Y MORTE;VALENCIA;4;
VALÈNCIA-OESTE;DEPARTAMENTO DE SALUD DE VALENCIA-HOSPITAL GENERAL;290;CENTRO DE SALUD DE VALÈNCIA VIRGEN DE LA FUENSANTA;VALENCIA;3;
VALÈNCIA-OESTE;DEPARTAMENTO DE SALUD DE VALENCIA-HOSPITAL GENERAL;291;CONSULTORIO AUXILIAR DE XIRIVELLA BARRIO DE LA LUZ;XIRIVELLA;1;
VALÈNCIA-SUR;DEPARTAMENTO DE SALUD DE VALENCIA-LA FE;292;CENTRO DE SALUD DE ALBAL;ALBAL;4;
VALÈNCIA-SUR;DEPARTAMENTO DE SALUD DE VALENCIA-LA FE;294;CENTRO DE SALUD DE ALCÀSSER;ALCASSER;2;
VALÈNCIA-ESTE;DEPARTAMENTO DE SALUD DE VALENCIA-DOCTOR PESET;296;CENTRO DE SALUD DE ALFAFAR;ALFAFAR;5;
VALÈNCIA-ESTE;DEPARTAMENTO DE SALUD DE VALENCIA-DOCTOR PESET;297;CONSULTORIO DE ALFAFAR PARQUE ALCOSA;ALFAFAR;2;
VALÈNCIA-ESTE;DEPARTAMENTO DE SALUD DE VALENCIA-DOCTOR PESET;298;CENTRO DE SALUD DE BENETÚSSER;BENETUSSER;2;
VALÈNCIA-SUR;DEPARTAMENTO DE SALUD DE VALENCIA-LA FE;299;CENTRO DE SALUD DE CATARROJA;CATARROJA;4;
VALÈNCIA-ESTE;DEPARTAMENTO DE SALUD DE VALENCIA-DOCTOR PESET;301;CENTRO DE SALUD DE SEDAVÍ;SEDAVI;1;
VALÈNCIA-SUR;DEPARTAMENTO DE SALUD DE VALENCIA-LA FE;302;CENTRO DE SALUD DE SILLA;SILLA;3;
VALÈNCIA-ESTE;DEPARTAMENTO DE SALUD DE VALENCIA-DOCTOR PESET;303;CENTRO DE SALUD DE VALÈNCIA RUZAFA;VALENCIA;2;
VALÈNCIA-ESTE;DEPARTAMENTO DE SALUD DE VALENCIA-DOCTOR PESET;304;CENTRO DE SALUD DE VALÈNCIA PADRE JOFRE;VALENCIA;6;
VALÈNCIA-ESTE;DEPARTAMENTO DE SALUD DE VALENCIA-DOCTOR PESET;307;CENTRO DE SALUD DE VALÈNCIA ING. J. BENLLOCH;VALENCIA;9;
VALÈNCIA-SUR;DEPARTAMENTO DE SALUD DE VALENCIA-LA FE;308;CENTRO DE SALUD VALÈNCIA BENICALAP MIGUEL SERVET;VALENCIA;3;
VALÈNCIA-ESTE;DEPARTAMENTO DE SALUD DE VALENCIA-DOCTOR PESET;310;CENTRO DE SALUD DE VALÈNCIA FUENTE DE SAN LUIS;VALENCIA;4;
VALÈNCIA-ESTE;DEPARTAMENTO DE SALUD DE VALENCIA-DOCTOR PESET;311;CONSULTORIO DE VALÈNCIA LUIS OLIAG;VALENCIA;5;
VALÈNCIA-ESTE;DEPARTAMENTO DE SALUD DE VALENCIA-DOCTOR PESET;312;CENTRO DE SALUD DE VALÈNCIA SAN MARCELINO;VALENCIA;2;
VALÈNCIA-ESTE;DEPARTAMENTO DE SALUD DE VALENCIA-DOCTOR PESET;314;CENTRO DE SALUD DE VALÈNCIA CASTELLAR;VALENCIA;2;
4  de 11;;;;;;
A.S.I.;Departamento;Cód C.T.;Centro de Trabajo;Municipio;Núm.;
VALÈNCIA-ESTE;DEPARTAMENTO DE SALUD DE LA RIBERA;323;CENTRO DE SALUD DE ALZIRA;ALZIRA;2;
VALÈNCIA-ESTE;DEPARTAMENTO DE SALUD DE LA RIBERA;327;CENTRO DE SALUD DE L'ALCÚDIA;ALCUDIA (L');1;
VALÈNCIA-ESTE;DEPARTAMENTO DE SALUD DE LA RIBERA;329;CONSULTORIO AUXILIAR DE ALGEMESÍ;ALGEMESI;2;
VALÈNCIA-ESTE;DEPARTAMENTO DE SALUD DE LA RIBERA;331;CENTRO DE SALUD DE ALGINET;ALGINET;3;
VALÈNCIA-ESTE;DEPARTAMENTO DE SALUD DE LA RIBERA;332;CENTRO DE SALUD DE BENIFAIÓ;BENIFAIO;2;
VALÈNCIA-ESTE;DEPARTAMENTO DE SALUD DE LA RIBERA;333;CENTRO DE SALUD DE ALMUSAFES;ALMUSSAFES;1;
VALÈNCIA-ESTE;DEPARTAMENTO DE SALUD DE LA RIBERA;335;CENTRO DE SALUD DE CARCAIXENT;CARCAIXENT;3;
VALÈNCIA-ESTE;DEPARTAMENTO DE SALUD DE LA RIBERA;338;CENTRO DE SALUD DE CARLET;CARLET;1;
VALÈNCIA-ESTE;DEPARTAMENTO DE SALUD DE LA RIBERA;341;CENTRO SANITARIO INTEGRADO DE CULLERA;CULLERA;3;
VALÈNCIA-ESTE;DEPARTAMENTO DE SALUD DE LA RIBERA;344;CONSULTORIO AUXILIAR DE SUECA EL PERELLÓ;SUECA;1;
VALÈNCIA-ESTE;DEPARTAMENTO DE SALUD DE LA RIBERA;348;CENTRO DE SALUD DE SUECA;SUECA;1;
VALÈNCIA-ESTE;DEPARTAMENTO DE SALUD DE LA RIBERA;349;CONSULTORIO AUXILIAR DE SUECA MARENY DE BARRAQUETES;SUECA;1;
VALÈNCIA-NORTE;DEPARTAMENTO DE SALUD DE GANDIA;350;CENTRO DE SALUD DE BELLREGUARD;BELLREGUARD;1;
VALÈNCIA-NORTE;DEPARTAMENTO DE SALUD DE GANDIA;353;CONSULTORIO AUXILIAR DE BENIARJÓ;BENIARJO;1;
VALÈNCIA-NORTE;DEPARTAMENTO DE SALUD DE GANDIA;366;CONSULTORIO AUXILIAR DE BARX;BARX;1;
VALÈNCIA-NORTE;DEPARTAMENTO DE SALUD DE GANDIA;369;CONSULTORIO AUXILIAR DE REAL DE GANDIA;REAL DE GANDIA (EL);1;
VALÈNCIA-NORTE;DEPARTAMENTO DE SALUD DE GANDIA;372;CONSULTORIO AUXILIAR DE XERESA;XERESA;1;
VALÈNCIA-NORTE;DEPARTAMENTO DE SALUD DE GANDIA;373;CENTRO SANITARIO INTEGRADO DE OLIVA;OLIVA;2;
VALÈNCIA-NORTE;DEPARTAMENTO DE SALUD DE GANDIA;378;CENTRO DE SALUD DE VILLALONGA;VILALLONGA/VILLALONGA;1;
VALÈNCIA-NORTE;DEPARTAMENTO DE SALUD DE GANDIA;379;CENTRO SANITARIO INTEGRADO DE TAVERNES DE LA VALLDIGNA;TAVERNES DE LA VALLDIGNA;2;
ALICANTE-NORTE;DEPARTAMENTO DE SALUD DE DENIA;382;CENTRO DE SALUD DE BENISSA;BENISSA;2;
ALICANTE-NORTE;DEPARTAMENTO DE SALUD DE DENIA;384;CENTRO SANITARIO INTEGRADO DE CALPE;CALP;4;
ALICANTE-NORTE;DEPARTAMENTO DE SALUD DE DENIA;385;CENTRO SANITARIO INTEGRADO DÉNIA II;DENIA;4;
ALICANTE-NORTE;DEPARTAMENTO DE SALUD DE DENIA;386;CENTRO DE SALUD DE GATA DE GORGOS;GATA DE GORGOS;2;
ALICANTE-NORTE;DEPARTAMENTO DE SALUD DE DENIA;387;CENTRO SANITARIO INTEGRADO JÁVEA;JAVEA/XABIA;4;
ALICANTE-NORTE;DEPARTAMENTO DE SALUD DE DENIA;389;CENTRO DE SALUD DE ONDARA;ONDARA;1;
ALICANTE-NORTE;DEPARTAMENTO DE SALUD DE DENIA;391;CENTRO DE SALUD DE ORBA;ORBA;1;
ALICANTE-NORTE;DEPARTAMENTO DE SALUD DE DENIA;396;CENTRO DE SALUD DE PEDREGUER;PEDREGUER;2;
ALICANTE-NORTE;DEPARTAMENTO DE SALUD DE DENIA;397;CENTRO DE SALUD DE PEGO;PEGO;2;
ALICANTE-NORTE;DEPARTAMENTO DE SALUD DE DENIA;402;CENTRO DE SALUD DE TEULADA;TEULADA;3;
ALICANTE-NORTE;DEPARTAMENTO DE SALUD DE DENIA;403;CENTRO DE SALUD DE EL VERGER;VERGER (EL);1;
VALÈNCIA-ESTE;DEPARTAMENTO DE SALUD DE XATIVA-ONTINYENT;405;CENTRO DE SALUD DE ALBAIDA;ALBAIDA;3;
5  de 11;;;;;;
A.S.I.;Departamento;Cód C.T.;Centro de Trabajo;Municipio;Núm.;
VALÈNCIA-ESTE;DEPARTAMENTO DE SALUD DE XATIVA-ONTINYENT;406;CONSULTORIO AUXILIAR DE ATZENETA D'ALBAIDA;ATZENETA D'ALBAIDA;1;
VALÈNCIA-ESTE;DEPARTAMENTO DE SALUD DE XATIVA-ONTINYENT;407;CONSULTORIO AUXILIAR DE AGULLENT;AGULLENT;1;
VALÈNCIA-ESTE;DEPARTAMENTO DE SALUD DE XATIVA-ONTINYENT;410;CENTRO DE SALUD DE L'ALCÚDIA DE CRESPINS;ALCUDIA DE CRESPINS (L');2;
VALÈNCIA-ESTE;DEPARTAMENTO DE SALUD DE XATIVA-ONTINYENT;413;CENTRO DE SALUD DE BENIGÀNIM;BENIGANIM;1;
VALÈNCIA-ESTE;DEPARTAMENTO DE SALUD DE XATIVA-ONTINYENT;415;CENTRO DE SALUD DE BOCAIRENT;BOCAIRENT;1;
VALÈNCIA-ESTE;DEPARTAMENTO DE SALUD DE XATIVA-ONTINYENT;417;CENTRO DE SALUD DE CANALS;CANALS;2;
VALÈNCIA-ESTE;DEPARTAMENTO DE SALUD DE XATIVA-ONTINYENT;418;CENTRO DE SALUD DE CÀRCER;CARCER;1;
VALÈNCIA-ESTE;DEPARTAMENTO DE SALUD DE XATIVA-ONTINYENT;421;CONSULTORIO AUXILIAR DE SUMACÀRCER;SUMACARCER;1;
VALÈNCIA-ESTE;DEPARTAMENTO DE SALUD DE XATIVA-ONTINYENT;422;CENTRO DE SALUD DE CHELLA;CHELLA;1;
VALÈNCIA-ESTE;DEPARTAMENTO DE SALUD DE XATIVA-ONTINYENT;423;CONSULTORIO AUXILIAR DE ANNA;ANNA;1;
VALÈNCIA-ESTE;DEPARTAMENTO DE SALUD DE XATIVA-ONTINYENT;426;CENTRO DE SALUD DE LLUTXENT;LLUTXENT;1;
VALÈNCIA-ESTE;DEPARTAMENTO DE SALUD DE XATIVA-ONTINYENT;428;CONSULTORIO AUXILIAR DE MANUEL;MANUEL;1;
VALÈNCIA-ESTE;DEPARTAMENTO DE SALUD DE XATIVA-ONTINYENT;430;CONSULTORIO AUXILIAR DE RAFELGUARAF;RAFELGUARAF;1;
VALÈNCIA-ESTE;DEPARTAMENTO DE SALUD DE XATIVA-ONTINYENT;432;CENTRO DE SALUD DE MOGENTE;MOGENTE/MOIXENT;3;
VALÈNCIA-ESTE;DEPARTAMENTO DE SALUD DE XATIVA-ONTINYENT;435;CENTRO DE SALUD DE NAVARRÉS;NAVARRES;2;
VALÈNCIA-ESTE;DEPARTAMENTO DE SALUD DE XATIVA-ONTINYENT;436;CONSULTORIO AUXILIAR DE BICORP;BICORP;1;
VALÈNCIA-ESTE;DEPARTAMENTO DE SALUD DE XATIVA-ONTINYENT;437;CONSULTORIO AUXILIAR DE QUESA;QUESA;1;
VALÈNCIA-ESTE;DEPARTAMENTO DE SALUD DE XATIVA-ONTINYENT;438;CENTRO DE SALUD DE L'OLLERIA;OLLERIA (L');1;
VALÈNCIA-ESTE;DEPARTAMENTO DE SALUD DE XATIVA-ONTINYENT;440;CONSULTORIO AUXILIAR DE MONTAVERNER;MONTAVERNER;1;
VALÈNCIA-ESTE;DEPARTAMENTO DE SALUD DE XATIVA-ONTINYENT;441;CENTRO DE SALUD DE ONTINYENT SAN RAFAEL;ONTINYENT;1;
VALÈNCIA-ESTE;DEPARTAMENTO DE SALUD DE XATIVA-ONTINYENT;442;CONSULTORIO AUXILIAR DE AIELO DE MALFERIT;AIELO DE MALFERIT;2;
VALÈNCIA-ESTE;DEPARTAMENTO DE SALUD DE XATIVA-ONTINYENT;443;CONSULTORIO AUXILIAR DE FONTANARS DELS ALFORINS;FONTANARS DELS ALFORINS;1;
VALÈNCIA-ESTE;DEPARTAMENTO DE SALUD DE XATIVA-ONTINYENT;444;CENTRO DE SALUD DE ONTINYENT AVDA. ALBAIDA;ONTINYENT;3;
VALÈNCIA-ESTE;DEPARTAMENTO DE SALUD DE XATIVA-ONTINYENT;445;CENTRO DE SALUD DE CASTELLÓ;CASTELLO;1;
VALÈNCIA-ESTE;DEPARTAMENTO DE SALUD DE XATIVA-ONTINYENT;446;CENTRO DE SALUD DE XÀTIVA;XATIVA;8;
VALÈNCIA-ESTE;DEPARTAMENTO DE SALUD DE XATIVA-ONTINYENT;447;CONSULTORIO AUXILIAR DE BARXETA;BARXETA;1;
VALÈNCIA-ESTE;DEPARTAMENTO DE SALUD DE XATIVA-ONTINYENT;448;CONSULTORIO AUXILIAR DE GENOVÉS;GENOVES (EL);2;
VALÈNCIA-ESTE;DEPARTAMENTO DE SALUD DE XATIVA-ONTINYENT;449;CONSULTORIO AUXILIAR DE LLANERA DE RANES;LLANERA DE RANES;1;
VALÈNCIA-ESTE;DEPARTAMENTO DE SALUD DE XATIVA-ONTINYENT;452;CENTRO DE SALUD DE LA LLOSA DE RANES;LLOSA DE RANES (LA);1;
ALICANTE-CENTRO;DEPARTAMENTO DE SALUD DE ALCOY;454;CENTRO DE SALUD DE ALCOY PLAÇA DE DINS;ALCOY/ALCOI;2;
ALICANTE-CENTRO;DEPARTAMENTO DE SALUD DE ALCOY;455;CENTRO DE SALUD DE ALCOY LA FÁBRICA;ALCOY/ALCOI;3;
ALICANTE-CENTRO;DEPARTAMENTO DE SALUD DE ALCOY;456;CENTRO DE SALUD DE ALCOY LA BASSA;ALCOY/ALCOI;1;
6  de 11;;;;;;
A.S.I.;Departamento;Cód C.T.;Centro de Trabajo;Municipio;Núm.;
ALICANTE-CENTRO;DEPARTAMENTO DE SALUD DE ALCOY;464;CENTRO DE SALUD DE CASTALLA;CASTALLA;3;
ALICANTE-CENTRO;DEPARTAMENTO DE SALUD DE ALCOY;466;CENTRO DE SALUD DE IBI;IBI;3;
ALICANTE-CENTRO;DEPARTAMENTO DE SALUD DE ALCOY;472;CENTRO DE SALUD DE ONIL;ONIL;1;
ALICANTE-NORTE;DEPARTAMENTO DE SALUD DE LA MARINA BAIXA;474;CENTRO DE SALUD DE ALTEA;ALTEA;1;
ALICANTE-NORTE;DEPARTAMENTO DE SALUD DE LA MARINA BAIXA;475;CENTRO DE SALUD DE BENIDORM TOMÁS ORTUÑO;BENIDORM;6;
ALICANTE-NORTE;DEPARTAMENTO DE SALUD DE LA MARINA BAIXA;476;CENTRO DE SALUD DE CALLOSA D'EN SARRIÀ;CALLOSA D'EN SARRIA;1;
ALICANTE-NORTE;DEPARTAMENTO DE SALUD DE LA MARINA BAIXA;479;CENTRO DE SALUD DE LA NUCIA;NUCIA (LA);4;
ALICANTE-NORTE;DEPARTAMENTO DE SALUD DE LA MARINA BAIXA;481;CENTRO SANITARIO INTEGRADO DE LA VILA JOIOSA ALMÀSSERA DE TONDA;VILLAJOYOSA/VILA JOIOSA (LA);2;
ALICANTE-NORTE;DEPARTAMENTO DE SALUD DE ALICANTE-SANT JOAN D'ALACANT;487;CENTRO SANITARIO INTEGRADO DE ALICANTE C/GERONA;ALICANTE/ALACANT;5;
ALICANTE-NORTE;DEPARTAMENTO DE SALUD DE ALICANTE-SANT JOAN D'ALACANT;488;CENTRO DE SALUD ALICANTE SANTA FAZ;ALICANTE/ALACANT;2;
ALICANTE-NORTE;DEPARTAMENTO DE SALUD DE ALICANTE-SANT JOAN D'ALACANT;489;CENTRO DE SALUD DE ALICANTE HOSPITAL PROVINCIAL;ALICANTE/ALACANT;7;
ALICANTE-NORTE;DEPARTAMENTO DE SALUD DE ALICANTE-SANT JOAN D'ALACANT;490;CENTRO DE SALUD DE ALICANTE JUAN XXIII;ALICANTE/ALACANT;3;
ALICANTE-NORTE;DEPARTAMENTO DE SALUD DE ALICANTE-SANT JOAN D'ALACANT;492;CENTRO SANITARIO INTEGRADO EL CAMPELLO;CAMPELLO (EL);2;
ALICANTE-NORTE;DEPARTAMENTO DE SALUD DE ALICANTE-SANT JOAN D'ALACANT;499;CONSULTORIO AUXILIAR DE BUSOT;BUSOT;1;
ALICANTE-NORTE;DEPARTAMENTO DE SALUD DE ALICANTE-SANT JOAN D'ALACANT;500;CENTRO DE SALUD DE SANT JOAN D'ALACANT;SANT JOAN D'ALACANT;1;
ALICANTE-CENTRO;DEPARTAMENTO DE SALUD DE ELDA;508;CENTRO DE SALUD DE ELDA ACACIAS;ELDA;1;
ALICANTE-CENTRO;DEPARTAMENTO DE SALUD DE ELDA;509;CENTRO DE SALUD DE MONÓVAR;MONOVAR/MONOVER;1;
ALICANTE-CENTRO;DEPARTAMENTO DE SALUD DE ELDA;510;CENTRO SANITARIO INTEGRADO DE NOVELDA;NOVELDA;1;
ALICANTE-CENTRO;DEPARTAMENTO DE SALUD DE ELDA;511;CONSULTORIO AUXILIAR DE LA ROMANA;ROMANA (LA);1;
ALICANTE-CENTRO;DEPARTAMENTO DE SALUD DE ELDA;512;CENTRO DE SALUD DE PETRER 1;PETRER;4;
ALICANTE-CENTRO;DEPARTAMENTO DE SALUD DE ELDA;513;CENTRO DE SALUD DE PINOSO;PINOS (EL)/PINOSO;1;
ALICANTE-CENTRO;DEPARTAMENTO DE SALUD DE ELDA;515;CENTRO DE SALUD DE SAX;SAX;2;
ALICANTE-CENTRO;DEPARTAMENTO DE SALUD DE ELDA;517;CENTRO DE SALUD DE VILLENA 1;VILLENA;2;
ALICANTE-CENTRO;DEPARTAMENTO DE SALUD DE ELDA;518;CENTRO DE SALUD DE VILLENA 2;VILLENA;1;
ALICANTE-CENTRO;DEPARTAMENTO DE SALUD DE ALICANTE-HOSPITAL GENERAL;522;CENTRO DE SALUD DE ALICANTE BABEL;ALICANTE/ALACANT;2;
ALICANTE-CENTRO;DEPARTAMENTO DE SALUD DE ALICANTE-HOSPITAL GENERAL;523;CENTRO DE SALUD DE ALICANTE FLORIDA;ALICANTE/ALACANT;6;
ALICANTE-CENTRO;DEPARTAMENTO DE SALUD DE ALICANTE-HOSPITAL GENERAL;524;CENTRO DE SALUD DE ALICANTE LOS ÁNGELES;ALICANTE/ALACANT;1;
ALICANTE-CENTRO;DEPARTAMENTO DE SALUD DE ALICANTE-HOSPITAL GENERAL;525;CENTRO DE SALUD DE ALICANTE CIUDAD JARDÍN;ALICANTE/ALACANT;4;
ALICANTE-CENTRO;DEPARTAMENTO DE SALUD DE ALICANTE-HOSPITAL GENERAL;529;CENTRO DE SALUD DE SAN VICENTE DEL RASPEIG I;SAN VICENTE DEL RASPEIG;2;
ALICANTE-SUR;DEPARTAMENTO DE SALUD DE ELCHE-HOSPITAL GENERAL;535;CENTRO DE SALUD DE ELCHE ALTABIX;ELCHE/ELX;1;
ALICANTE-SUR;DEPARTAMENTO DE SALUD DE ELCHE-HOSPITAL GENERAL;538;CENTRO DE SALUD DE ELCHE SAN FERMÍN;ELCHE/ELX;5;
ALICANTE-SUR;DEPARTAMENTO DE SALUD DE ELCHE-HOSPITAL GENERAL;539;CONSULTORIO AUXILIAR DE ELCHE TORRELLANO;ELCHE/ELX;1;
7  de 11;;;;;;
A.S.I.;Departamento;Cód C.T.;Centro de Trabajo;Municipio;Núm.;
ALICANTE-SUR;DEPARTAMENTO DE SALUD DE ELCHE-HOSPITAL GENERAL;542;CENTRO SANITARIO INTEGRADO DE SANTA POLA;SANTA POLA;8;
ALICANTE-SUR;DEPARTAMENTO DE SALUD DE ORIHUELA;544;CENTRO DE SALUD DE ALMORADÍ;ALMORADI;7;
ALICANTE-SUR;DEPARTAMENTO DE SALUD DE ORIHUELA;549;CENTRO DE SALUD DE CALLOSA DE SEGURA;CALLOSA DE SEGURA;6;
ALICANTE-SUR;DEPARTAMENTO DE SALUD DE ORIHUELA;550;CONSULTORIO AUXILIAR DE COX;COX;1;
ALICANTE-SUR;DEPARTAMENTO DE SALUD DE ORIHUELA;552;CONSULTORIO AUXILIAR DE REDOVÁN;REDOVAN;1;
ALICANTE-SUR;DEPARTAMENTO DE SALUD DE ORIHUELA;553;CENTRO DE SALUD DE DOLORES;DOLORES;1;
ALICANTE-SUR;DEPARTAMENTO DE SALUD DE ORIHUELA;554;CONSULTORIO AUXILIAR DE CATRAL;CATRAL;2;
ALICANTE-SUR;DEPARTAMENTO DE SALUD DE TORREVIEJA;555;CENTRO SANITARIO INTEGRADO GUARDAMAR DEL SEGURA;GUARDAMAR DEL SEGURA;1;
ALICANTE-SUR;DEPARTAMENTO DE SALUD DE ORIHUELA;557;CENTRO DE SALUD DE ORIHUELA PZ. DE LA SALUD;ORIHUELA;3;
ALICANTE-SUR;DEPARTAMENTO DE SALUD DE ORIHUELA;561;CONSULTORIO AUXILIAR DE ORIHUELA SAN BARTOLOMÉ;ORIHUELA;1;
ALICANTE-SUR;DEPARTAMENTO DE SALUD DE ORIHUELA;567;CENTRO DE SALUD DE ORIHUELA ÁLVAREZ DE LA RIVA;ORIHUELA;5;
ALICANTE-SUR;DEPARTAMENTO DE SALUD DE TORREVIEJA;571;CENTRO SANITARIO INTEGRADO DE TORREVIEJA LA LOMA;TORREVIEJA;1;
ALICANTE-SUR;DEPARTAMENTO DE SALUD DE TORREVIEJA;574;CENTRO DE SALUD DE SAN MIGUEL DE SALINAS;SAN MIGUEL DE SALINAS;1;
VALÈNCIA-ESTE;DEPARTAMENTO DE SALUD DE LA RIBERA;579;CENTRO DE SALUD DE ALGEMESÍ;ALGEMESI;4;
VALÈNCIA-ESTE;DEPARTAMENTO DE SALUD DE XATIVA-ONTINYENT;582;CENTRO DE SALUD DE ONTINYENT EL BARRANQUET;ONTINYENT;1;
ALICANTE-NORTE;DEPARTAMENTO DE SALUD DE LA MARINA BAIXA;600;CONSULTORIO AUXILIAR DE BENIDORM RINCÓN DE LOIX;BENIDORM;3;
ALICANTE-SUR;DEPARTAMENTO DE SALUD DE ELCHE-HOSPITAL GENERAL;612;CONSULTORIO AUXILIAR DE SANTA POLA GRAN ALACANT;SANTA POLA;2;
CASTELLÓN;DEPARTAMENTO DE SALUD DE LA PLANA;613;CONSULTORIO AUXILIAR DE BURRIANA GRAO;BORRIANA/BURRIANA;1;
ALICANTE-SUR;DEPARTAMENTO DE SALUD DE TORREVIEJA;615;CENTRO SANITARIO INTEGRADO DE TORREVIEJA EL ACEQUIÓN;TORREVIEJA;1;
ALICANTE-NORTE;DEPARTAMENTO DE SALUD DE LA MARINA BAIXA;617;CENTRO DE SALUD DE BENIDORM LES FOIETES;BENIDORM;4;
VALÈNCIA-NORTE;DEPARTAMENTO DE SALUD DE GANDIA;619;CENTRO DE SALUD DE GANDIA BENIOPA;GANDIA;3;
ALICANTE-NORTE;DEPARTAMENTO DE SALUD DE ALICANTE-SANT JOAN D'ALACANT;624;CENTRO DE SALUD DE ALICANTE CABO HUERTAS;ALICANTE/ALACANT;1;
ALICANTE-CENTRO;DEPARTAMENTO DE SALUD DE ALICANTE-HOSPITAL GENERAL;630;CONSULTORIO AUXILIAR DE ALICANTE SAN GABRIEL;ALICANTE/ALACANT;3;
CASTELLÓN;DEPARTAMENTO DE SALUD DE CASTELLON;657;CENTRO DE SALUD DE CASTELLÓ DE LA PLANA PALLETER;CASTELLO DE LA PLANA;2;
CASTELLÓN;DEPARTAMENTO DE SALUD DE VINAROS;660;CONSULTORIO AUXILIAR DE ALCALÀ DE XIVERT ALCOSSEBRE;ALCALA DE XIVERT;1;
CASTELLÓN;DEPARTAMENTO DE SALUD DE CASTELLON;666;CONSULTORIO AUXILIAR DE CASTELLÓ DE LA PLANA GRUPO REYES;CASTELLO DE LA PLANA;1;
CASTELLÓN;DEPARTAMENTO DE SALUD DE CASTELLON;667;CONSULTORIO AUXILIAR DE CASTELLÓ DE LA PLANA SAN LORENZO;CASTELLO DE LA PLANA;1;
VALÈNCIA-NORTE;DEPARTAMENTO DE SALUD DE VALENCIA-CLINICO-MALVARROSA;670;CENTRO DE SALUD DE VALÈNCIA SERRERÍA 1;VALENCIA;3;
VALÈNCIA-NORTE;DEPARTAMENTO DE SALUD DE VALENCIA-CLINICO-MALVARROSA;671;CENTRO DE SALUD DE VALÈNCIA SERRERÍA 2;VALENCIA;6;
VALÈNCIA-SUR;DEPARTAMENTO DE SALUD DE VALENCIA-LA FE;688;CONSULTORIO AUXILIAR DE VALÈNCIA TENDETES;VALENCIA;2;
ALICANTE-SUR;DEPARTAMENTO DE SALUD DE ELCHE-HOSPITAL GENERAL;691;CENTRO DE SALUD DE ELCHE PLA;ELCHE/ELX;5;
ALICANTE-SUR;DEPARTAMENTO DE SALUD DE TORREVIEJA;693;CENTRO DE SALUD DE TORREVIEJA LA MATA;TORREVIEJA;1;
8  de 11;;;;;;
A.S.I.;Departamento;Cód C.T.;Centro de Trabajo;Municipio;Núm.;
CASTELLÓN;DEPARTAMENTO DE SALUD DE LA PLANA;696;CENTRO DE SALUD DE LA VALL D'UIXÓ 2;VALL D'UIXO (LA);1;
ALICANTE-CENTRO;DEPARTAMENTO DE SALUD DE ELDA;704;CENTRO DE SALUD ELDA MARINA ESPAÑOLA;ELDA;6;
ALICANTE-CENTRO;DEPARTAMENTO DE SALUD DE ELDA;706;CENTRO DE SALUD DE PETRER 2;PETRER;4;
VALÈNCIA-ESTE;DEPARTAMENTO DE SALUD DE VALENCIA-DOCTOR PESET;707;CENTRO DE SALUD DE VALÈNCIA PLAZA SEGOVIA;VALENCIA;6;
VALÈNCIA-NORTE;DEPARTAMENTO DE SALUD DE GANDIA;723;CENTRO DE SALUD DE GANDIA COREA;GANDIA;6;
ALICANTE-SUR;DEPARTAMENTO DE SALUD DE ELCHE-HOSPITAL GENERAL;729;CONSULTORIO AUXILIAR DE ELCHE LOS ARENALES;ELCHE/ELX;1;
ALICANTE-CENTRO;DEPARTAMENTO DE SALUD DE ALICANTE-HOSPITAL GENERAL;741;CENTRO DE SALUD DE ALICANTE SAN BLAS;ALICANTE/ALACANT;7;
CASTELLÓN;DEPARTAMENTO DE SALUD DE CASTELLON;749;CONSULTORIO AUXILIAR DE CASTELLÓ DE LA PLANA LA SALERA;CASTELLO DE LA PLANA;1;
VALÈNCIA-NORTE;DEPARTAMENTO DE SALUD DE SAGUNTO;750;CONSULTORIO AUXILIAR DE PUERTO DE SAGUNTO EL BALADRE;SAGUNTO/SAGUNT;2;
ALICANTE-SUR;DEPARTAMENTO DE SALUD DE TORREVIEJA;751;CENTRO DE SALUD DE TORREVIEJA PATRICIO PÉREZ;TORREVIEJA;1;
VALÈNCIA-NORTE;DEPARTAMENTO DE SALUD DE VALENCIA-CLINICO-MALVARROSA;775;CENTRO DE SALUD DE ALBORAYA;ALBORAIA/ALBORAYA;3;
ALICANTE-CENTRO;DEPARTAMENTO DE SALUD DE ALICANTE-HOSPITAL GENERAL;779;CENTRO DE SALUD DE SAN VICENTE DEL RASPEIG II;SAN VICENTE DEL RASPEIG;5;
VALÈNCIA-ESTE;DEPARTAMENTO DE SALUD DE VALENCIA-DOCTOR PESET;953;HOSPITAL UNIVERSITARIO DOCTOR PESET Y SU C.E.;VALÈNCIA;366;
VALÈNCIA-NORTE;DEPARTAMENTO DE SALUD DE GANDIA;954;HOSPITAL FRANCESC DE BORJA DE GANDIA Y SU C.E.;GANDIA;193;
VALÈNCIA-ESTE;DEPARTAMENTO DE SALUD DE XATIVA-ONTINYENT;956;HOSPITAL GENERAL DE ONTINYENT Y SU C.E.;ONTINYENT;46;
VALÈNCIA-ESTE;DEPARTAMENTO DE SALUD DE XATIVA-ONTINYENT;958;HOSPITAL LLUÍS ALCANYÍS DE XÀTIVA Y SU C.E.;XATIVA;162;
VALÈNCIA-ESTE;DEPARTAMENTO DE SALUD DE LA RIBERA;961;HOSPITAL UNIVERSITARIO DE LA RIBERA Y SU C.E.;ALZIRA;91;
VALÈNCIA-OESTE;DEPARTAMENTO DE SALUD DE VALENCIA-HOSPITAL GENERAL;963;CENTRO SANITARIO INTEGRADO DE JUAN LLORENS;VALENCIA;11;
VALÈNCIA-OESTE;DEPARTAMENTO DE SALUD DE VALENCIA-HOSPITAL GENERAL;964;CENTRO SANITARIO INTEGRADO DE TORRENT;TORRENT;3;
;CENTRO DE TRANSFUSION DE LA COMUNITAT VALENCIANA;967;CENTRO DE TRANSFUSIÓN DE VALÈNCIA;VALENCIA;22;
VALÈNCIA-SUR;DEPARTAMENTO DE SALUD DE VALENCIA-ARNAU DE VILANOVA-LLIRIA;968;HOSPITAL ARNAU DE VILANOVA Y SU C.E.;VALÈNCIA;220;
VALÈNCIA-SUR;DEPARTAMENTO DE SALUD DE VALENCIA-ARNAU DE VILANOVA-LLIRIA;971;CENTRO DE SALUD MENTAL DE PATERNA CLOT DE JOAN;PATERNA;1;
VALÈNCIA-OESTE;DEPARTAMENTO DE SALUD DE REQUENA;972;HOSPITAL GENERAL DE REQUENA Y SU C.E.;REQUENA;83;
VALÈNCIA-NORTE;DEPARTAMENTO DE SALUD DE SAGUNTO;974;HOSPITAL DE SAGUNTO Y SU C.E.;SAGUNTO/SAGUNT;148;
VALÈNCIA-NORTE;DEPARTAMENTO DE SALUD DE VALENCIA-CLINICO-MALVARROSA;977;HOSPITAL CLÍNICO UNIVERSITARIO DE VALÈNCIA Y SU C.E.;VALÈNCIA;439;
VALÈNCIA-NORTE;DEPARTAMENTO DE SALUD DE VALENCIA-CLINICO-MALVARROSA;979;HOSPITAL LA MALVA-ROSA;VALENCIA;29;
VALÈNCIA-SUR;DEPARTAMENTO DE SALUD DE VALENCIA-LA FE;981;CENTRO DE SALUD MENTAL DE VALÈNCIA TRINITAT;VALENCIA;1;
;HOSPITAL DR. MOLINER DE SERRA;983;HOSPITAL DOCTOR MOLINER;SERRA;25;
VALÈNCIA-SUR;DEPARTAMENTO DE SALUD DE VALENCIA-ARNAU DE VILANOVA-LLIRIA;992;CENTRO DE SALUD MENTAL DE BURJASSOT;BURJASSOT;1;
VALÈNCIA-OESTE;DEPARTAMENTO DE SALUD DE VALENCIA-HOSPITAL GENERAL;1014;CENTRO DE CONDUCTAS ADICTIVAS DE TORRENT;TORRENT;1;
ALICANTE-CENTRO;DEPARTAMENTO DE SALUD DE ALICANTE-HOSPITAL GENERAL;1200;HOSPITAL GENERAL UNIVERSITARIO DR. BALMIS Y SU C.E.;ALICANTE/ALACANT;585;
;HOSPITAL SAN VICENTE DEL RASPEIG;1202;HOSPITAL SANT VICENT DEL RASPEIG;SAN VICENTE DEL RASPEIG;30;
9  de 11;;;;;;
A.S.I.;Departamento;Cód C.T.;Centro de Trabajo;Municipio;Núm.;
ALICANTE-CENTRO;DEPARTAMENTO DE SALUD DE ALCOY;1207;HOSPITAL VIRGEN DE LOS LÍRIOS Y SU C.E.;ALCOY/ALCOI;177;
ALICANTE-CENTRO;DEPARTAMENTO DE SALUD DE ELDA;1215;HOSPITAL GENERAL UNIVERSITARIO DE ELDA - VIRGEN DE LA SALUD Y SU C.E.;ELDA;336;
ALICANTE-NORTE;DEPARTAMENTO DE SALUD DE LA MARINA BAIXA;1217;CENTRO DE CONDUCTAS ADICTIVAS DE BENIDORM;BENIDORM;1;
ALICANTE-SUR;DEPARTAMENTO DE SALUD DE ELCHE-HOSPITAL GENERAL;1219;HOSPITAL GENERAL UNIVERSITARIO DE ELCHE Y SU C.E.;ELCHE/ELX;327;
ALICANTE-SUR;DEPARTAMENTO DE SALUD DE ORIHUELA;1223;HOSPITAL VEGA BAJA DE ORIHUELA Y SU C.E.;ORIHUELA;235;
ALICANTE-NORTE;DEPARTAMENTO DE SALUD DE LA MARINA BAIXA;1229;HOSPITAL DE LA MARINA BAIXA DE LA VILA JOIOSA Y SU C.E.;VILLAJOYOSA;263;
ALICANTE-NORTE;DEPARTAMENTO DE SALUD DE ALICANTE-SANT JOAN D'ALACANT;1234;HOSPITAL UNIVERSITARIO SANT JOAN D'ALACANT Y SU C.E.;SANT JOAN D'ALACANT;206;
ALICANTE-CENTRO;DEPARTAMENTO DE SALUD DE ELDA;1249;CENTRO SANITARIO INTEGRADO VILLENA;VILLENA;8;
CASTELLÓN;DEPARTAMENTO DE SALUD DE VINAROS;1500;HOSPITAL COMARCAL DE VINARÒS Y SU C.E.;VINAROS;135;
CASTELLÓN;DEPARTAMENTO DE SALUD DE LA PLANA;1501;HOSPITAL UNIVERSITARIO DE LA PLANA Y SU C.E.;VILA-REAL;209;
;HOSPITAL LA MAGDALENA DE CASTELLON;1502;HOSPITAL LA MAGDALENA;CASTELLO DE LA PLANA;29;
CASTELLÓN;DEPARTAMENTO DE SALUD DE CASTELLON;1503;HOSPITAL GENERAL UNIVERSITARIO DE CASTELLÓN Y SU C.E.;CASTELLO DE LA PLANA;474;
CASTELLÓN;DEPARTAMENTO DE SALUD DE CASTELLON;1519;UNIDAD DE CONDUCTAS ADICTIVAS DE CASTELLÓ DE LA PLANA;CASTELLO DE LA PLANA;1;
CASTELLÓN;DEPARTAMENTO DE SALUD DE CASTELLON;1520;UNIDAD DE SALUD SEXUAL Y REPRODUCTIVA  DE CASTELLÓ DE LA PLANA  I;CASTELLO DE LA PLANA;1;
VALÈNCIA-OESTE;DEPARTAMENTO DE SALUD DE VALENCIA-HOSPITAL GENERAL;2019;CENTRO DE SALUD DE VALÈNCIA GUILLEM DE CASTRO;VALENCIA;7;
VALÈNCIA-NORTE;DEPARTAMENTO DE SALUD DE SAGUNTO;2024;CENTRO SANITARIO INTEGRADO ALTO PALANCIA;SEGORBE;5;
ALICANTE-CENTRO;DEPARTAMENTO DE SALUD DE ALICANTE-HOSPITAL GENERAL;2073;CENTRO DE SALUD MENTAL DE ALICANTE FLORIDA-BABEL;ALICANTE/ALACANT;1;
ALICANTE-NORTE;DEPARTAMENTO DE SALUD DE ALICANTE-SANT JOAN D'ALACANT;2079;CENTRO DE SALUD MENTAL DE ALICANTE SANTA FAZ;ALICANTE/ALACANT;1;
;HOSPITAL PADRE JOFRE DE VALENCIA;2148;HOSPITAL PARE JOFRÉ;VALENCIA;11;
;CENTRO DE TRANSFUSION DE LA COMUNITAT VALENCIANA;2322;CENTRO DE TRANSFUSIÓN DE CASTELLÓ DE LA PLANA;CASTELLO DE LA PLANA;4;
CASTELLÓN;DEPARTAMENTO DE SALUD DE CASTELLON;2349;CENTRO DE SALUD SEXUAL Y REPRODUCTIVA DE CASTELLÓ DE LA PLANA III;CASTELLO DE LA PLANA;1;
;CENTRO DE TRANSFUSION DE LA COMUNITAT VALENCIANA;2355;CENTRO DE TRANSFUSIÓN DE ALICANTE;ALICANTE/ALACANT;15;
VALÈNCIA-SUR;DEPARTAMENTO DE SALUD DE VALENCIA-LA FE;2379;CENTRO DE CONDUCTAS ADICTIVAS DE VALÈNCIA SALVADOR ALLENDE;VALENCIA;1;
VALÈNCIA-ESTE;DEPARTAMENTO DE SALUD DE VALENCIA-DOCTOR PESET;2424;CONSULTORIO AUXILIAR DE VALÈNCIA LA TORRE;VALENCIA;1;
ALICANTE-CENTRO;DEPARTAMENTO DE SALUD DE ALICANTE-HOSPITAL GENERAL;2425;CENTRO DE SALUD DE ALICANTE PARQUE LO MORANT;ALICANTE/ALACANT;8;
;DIRECCION TERRITORIAL CASTELLON;2444;SEU FARMACIA-CASTELLÓN;CASTELLO DE LA PLANA;1;
VALÈNCIA-NORTE;DEPARTAMENTO DE SALUD DE GANDIA;2476;CENTRO DE SALUD MENTAL INFANTIL DE GANDIA;GANDIA;1;
ALICANTE-CENTRO;DEPARTAMENTO DE SALUD DE ELDA;2488;CENTRO DE SALUD MENTAL INFANTIL DE ELDA;ELDA;1;
ALICANTE-SUR;DEPARTAMENTO DE SALUD DE TORREVIEJA;2526;HOSPITAL UNIVERSITARIO DE TORREVIEJA Y SU C.E.;TORREVIEJA;92;
VALÈNCIA-SUR;DEPARTAMENTO DE SALUD DE VALENCIA-LA FE;2548;CENTRO DE SALUD DE VALÈNCIA CAMPANAR;VALENCIA;2;
VALÈNCIA-OESTE;DEPARTAMENTO DE SALUD DE VALENCIA-HOSPITAL GENERAL;2549;CENTRO DE SALUD DE TORRENT II;TORRENT;9;
VALÈNCIA-OESTE;DEPARTAMENTO DE SALUD DE VALENCIA-HOSPITAL GENERAL;2595;CENTRO DE SALUD DE VALÈNCIA SAN ISIDRO;VALENCIA;1;
10  de 11;;;;;;
A.S.I.;Departamento;Cód C.T.;Centro de Trabajo;Municipio;Núm.;
ALICANTE-CENTRO;DEPARTAMENTO DE SALUD DE ALICANTE-HOSPITAL GENERAL;2779;CENTRO DE SALUD DE ALICANTE CAMPOAMOR;ALICANTE/ALACANT;8;
CASTELLÓN;DEPARTAMENTO DE SALUD DE CASTELLON;2803;CENTRO DE SALUD MENTAL DE CASTELLÓ DE LA PLANA GRAO;CASTELLO DE LA PLANA;1;
ALICANTE-CENTRO;DEPARTAMENTO DE SALUD DE ALCOY;2805;CENTRO SANITARIO INTEGRADO DE IBI II;IBI;3;
CASTELLÓN;DEPARTAMENTO DE SALUD DE CASTELLON;2824;CENTRO DE SALUD DE CASTELLÓ DE LA PLANA FERNANDO EL CATÓLICO;CASTELLO DE LA PLANA;3;
VALÈNCIA-OESTE;DEPARTAMENTO DE SALUD DE MANISES;2837;HOSPITAL DE MANISES Y SU C.E.;MANISES;65;
ALICANTE-NORTE;DEPARTAMENTO DE SALUD DE DENIA;2840;HOSPITAL DE DÉNIA;DENIA;55;
;HOSPITAL LA PEDRERA DE DENIA;2844;HOSPITAL LA PEDRERA;DENIA;11;
VALÈNCIA-OESTE;DEPARTAMENTO DE SALUD DE VALENCIA-HOSPITAL GENERAL;2940;CENTRO SANITARIO INTEGRADO DE ALAQUÀS;ALAQUAS;1;
VALÈNCIA-OESTE;DEPARTAMENTO DE SALUD DE VALENCIA-HOSPITAL GENERAL;2941;CENTRO SANITARIO INTEGRADO DE XIRIVELLA;XIRIVELLA;3;
ALICANTE-NORTE;DEPARTAMENTO DE SALUD DE DENIA;3041;CENTRO SANITARIO INTEGRADO DE DÉNIA;DENIA;3;
VALÈNCIA-OESTE;DEPARTAMENTO DE SALUD DE VALENCIA-HOSPITAL GENERAL;3048;CENTRO DE SALUD DE VALÈNCIA NOU MOLES;VALENCIA;8;
VALÈNCIA-SUR;DEPARTAMENTO DE SALUD DE VALENCIA-ARNAU DE VILANOVA-LLIRIA;3082;HOSPITAL DE LLÍRIA Y SU C.E.;LLIRIA;128;
CASTELLÓN;DEPARTAMENTO DE SALUD DE LA PLANA;3086;CENTRO SANITARIO INTEGRADO DE BURRIANA;BORRIANA/BURRIANA;1;
VALÈNCIA-SUR;DEPARTAMENTO DE SALUD DE VALENCIA-LA FE;3091;CENTRO DE SALUD VALÈNCIA JUAN XXIII;VALENCIA;3;
CASTELLÓN;DEPARTAMENTO DE SALUD DE CASTELLON;3110;CENTRO DE SALUD ILLES COLUMBRETES;CASTELLO DE LA PLANA;3;
ALICANTE-CENTRO;DEPARTAMENTO DE SALUD DE ALICANTE-HOSPITAL GENERAL;3859;CENTRO DE SALUD DE ALICANTE BENALÚA;ALICANTE/ALACANT;1;
VALÈNCIA-OESTE;DEPARTAMENTO DE SALUD DE VALENCIA-HOSPITAL GENERAL;5489;CENTRO DE SALUD DE VALÈNCIA TRES FORQUES;VALENCIA;2;
ALICANTE-CENTRO;DEPARTAMENTO DE SALUD DE ELDA;5505;CONSULTORIO AUXILIAR VIRGEN DE LA CABEZA (ELDA);ELDA;2;
ALICANTE-CENTRO;DEPARTAMENTO DE SALUD DE ALCOY;79013;UNIDAD DE GESTIÓN DEPARTAMENTO ALCOY;ALCOY/ALCOI;1;
VALÈNCIA-SUR;DEPARTAMENTO DE SALUD DE VALENCIA-ARNAU DE VILANOVA-LLIRIA;80329;CENTRO DE CONDUCTAS ADICTIVAS DE MONCADA;MONCADA;1;
VALÈNCIA-SUR;DEPARTAMENTO DE SALUD DE VALENCIA-LA FE;90400;HOSPITAL UNIVERSITARI I POLITÈCNIC LA FE Y SU C.E.;VALENCIA;1056;
;;;;TOTAL =       7.066;;
11  de 11;;;;;;